{
  "cities": [
    {
      "name": "Paris",
      "Restaurants": [
        {
          "name": "Chez Pierre",
          "rating": 4.5,
          "image":"./images/content/chezpierre.jpg",
          "price_range": "$$"
        },
        {
          "name": "Le Bistro Français",
          "rating": 4.2,
          "image":"./images/content/bistroparis.jpeg",
          "price_range": "$$$"
        }
      ],
      "Hotels": [
        {
          "name": "Eiffel Grand Hotel",
          "rating": 4.7,
          "image":"./images/content/eiffelhotel.jpeg",
          "price_range": "$$$"
        },
        {
          "name": "Louvre Palace Suites",
          "rating": 4.5,
          "image":"./images/content/louvresuits.jpeg",
          "price_range": "$$$"
        }
      ],
      "Nightlife": [
        {
          "name": "Le Bar Rouge",
          "rating": 4.3,
          "image":"./images/content/nightlife1paris.jpeg",
          "price_range": "$$"
        },
        {
          "name": "Moulin Rouge Club",
          "rating": 4.1,
          "image":"./images/content/nightlife2paris.jpg",
          "price_range": "$$$"
        }
      ],
      "Monuments": [
        {
          "name": "Eiffel Tower",
          "image":"./images/content/monument1paris.jpg",
          "rating": 4.8
        },
        {
          "name": "Louvre Museum",
          "image":"./images/content/monument2paris.jpg",
          "rating": 4.6
        }
      ]
    },
    {
      "name": "Rome",
      "Restaurants": [
        {
          "name": "Trattoria Roma",
          "rating": 4.4,
          "image":"./images/content/restaurant1rome.jpg",
          "price_range": "$$"
        },
        {
          "name": "Il Palazzo",
          "rating": 4.1,
          "image":"./images/content/restaurant2rome.jpg",
          "price_range": "$$$"
        }
      ],
      "Hotels": [
        {
          "name": "Colosseum View Hotel",
          "rating": 4.6,
          "image":"./images/content/hotel1rome.jpg",
          "price_range": "$$$"
        },
        {
          "name": "Vatican Suites",
          "rating": 4.3,
          "image":"./images/content/hotel2rome.jpg",
          "price_range": "$$$"
        }
      ],
      "Nightlife": [
        {
          "name": "Campo de' Fiori Pub",
          "rating": 4.2,
          "image":"./images/content/nightlife1rome.jpg",
          "price_range": "$$"
        },
        {
          "name": "Trevi Fountain Lounge",
          "rating": 4.0,
          "image":"./images/content/nightlife2rome.jpg",
          "price_range": "$$$"
        }
      ],
      "Monuments": [
        {
          "name": "Colosseum",
          "image":"./images/content/monument1rome.jpg",
          "rating": 4.7
        },
        {
          "name": "Vatican City",
          "image":"./images/content/monument2rome.jpg",
          "rating": 4.5
        }
      ]
    },
    {
      "name": "Belgrade",
      "Restaurants": [
        {
          "name": "Skadarlija Restaurant",
          "rating": 4.3,
          "image":"./images/content/restaurant1belgrade.jpg",
          "price_range": "$$"
        },
        {
          "name": "Ambar",
          "rating": 4.1,
          "image":"./images/content/restaurant2belgrade.jpg",
          "price_range": "$$$"
        }
      ],
      "Hotels": [
        {
          "name": "Square Nine Hotel",
          "rating": 4.6,
          "image":"./images/content/hotel1belgrade.jpg",
          "price_range": "$$$"
        },
        {
          "name": "Metropol Palace",
          "rating": 4.4,
          "image":"./images/content/hotel2belgrade.jpeg",
          "price_range": "$$$"
        }
      ],
      "Nightlife": [
        {
          "name": "Splav Leto",
          "rating": 4.2,
          "image":"./images/content/nightlife1belgrade.jpg",
          "price_range": "$$"
        },
        {
          "name": "Komitet",
          "rating": 4.0,
          "image":"./images/content/nightlife2belgrade.jpg",
          "price_range": "$$$"
        }
      ],
      "Monuments": [
        {
          "name": "Belgrade Fortress",
          "image":"./images/content/monument1belgrade.jpg",
          "rating": 4.5
        },
        {
          "name": "Saint Sava Temple",
          "image":"./images/content/monument2belgrade.jpg",
          "rating": 4.4
        }
      ]
    },
    {
      "name": "Barcelona",
      "Restaurants": [
        {
          "name": "El Quim de la Boqueria",
          "rating": 4.6,
          "image":"./images/content/elquim.jpeg",
          "price_range": "$$"
        },
        {
          "name": "Tickets",
          "rating": 4.4,
          "image":"./images/content/tickets.jpeg",
          "price_range": "$$$"
        }
      ],
      "Hotels": [
        {
          "name": "Hotel Arts Barcelona",
          "rating": 4.8,
          "image":"./images/content/Hotel1Barcelona.jpeg",
          "price_range": "$$$"
        },
        {
          "name": "W Barcelona",
          "rating": 4.5,
          "image":"./images/content/hotel2barcelona.jpeg",
          "price_range": "$$$"
        }
      ],
      "Nightlife": [
        {
          "name": "Opium Barcelona",
          "rating": 4.3,
          "image":"./images/content/club1barcelona.jpeg",
          "price_range": "$$"
        },
        {
          "name": "Pacha Barcelona",
          "rating": 4.1,
          "image":"./images/content/club2barcelona.jpeg",
          "price_range": "$$$"
        }
      ],
      "Monuments": [
        {
          "name": "Sagrada Familia",
          "image":"./images/content/monument1barcelona.jpeg",
          "rating": 4.9
        },
        {
          "name": "Park Güell",
          "image":"./images/content/monument2barcelona.jpg",
          "rating": 4.7
        }
      ]
    },
    {
      "name": "Athens",
      "Restaurants": [
        {
          "name": "O Thanasis",
          "rating": 4.4,
          "image":"./images/content/restaurant1athens.jpg",
          "price_range": "$$"
        },
        {
          "name": "To Kati Allo",
          "rating": 4.2,
          "image":"./images/content/restaurant2athens.jpg",
          "price_range": "$$$"
        }
      ],
      "Hotels": [
        {
          "name": "Hotel Grande Bretagne",
          "rating": 4.7,
          "image":"./images/content/hotel1athens.jpg",
          "price_range": "$$$"
        },
        {
          "name": "Electra Metropolis",
          "rating": 4.5,
          "image":"./images/content/hotel2athens.jpg",
          "price_range": "$$$"
        }
      ],
      "Nightlife": [
        {
          "name": "Brettos Bar",
          "rating": 4.1,
          "image":"./images/content/nightlife1athens.jpg",
          "price_range": "$$"
        },
        {
          "name": "Dybbuk",
          "rating": 3.9,
          "image":"./images/content/nightlife2athens.jpg",
          "price_range": "$$$"
        }
      ],
      "Monuments": [
        {
          "name": "Acropolis",
          "image":"./images/content/monument1athens.jpg",
          "rating": 4.8
        },
        {
          "name": "Parthenon",
          "image":"./images/content/monument2athens.jpg",
          "rating": 4.6
        }
      ]
    },
    {
      "name": "London",
      "Restaurants": [
        {
          "name": "Dishoom",
          "rating": 4.5,
          "image":"./images/content/restaurant1london.jpeg",
          "price_range": "$$"
        },
        {
          "name": "Sketch",
          "rating": 4.3,
          "image":"./images/content/restaurant2london.jpg",
          "price_range": "$$$"
        }
      ],
      "Hotels": [
        {
          "name": "The Ritz London",
          "rating": 4.8,
          "image":"./images/content/hotel1london.jpg",
          "price_range": "$$$"
        },
        {
          "name": "Shangri-La Hotel, At The Shard",
          "rating": 4.6,
          "image":"./images/content/hotel2london.jpg",
          "price_range": "$$$"
        }
      ],
      "Nightlife": [
        {
          "name": "Fabric",
          "rating": 4.2,
          "image":"./images/content/nightlife1london.jpg",
          "price_range": "$$"
        },
        {
          "name": "Ministry of Sound",
          "rating": 4.0,
          "image":"./images/content/nightlife2london.jpg",
          "price_range": "$$$"
        }
      ],
      "Monuments": [
        {
          "name": "Tower of London",
          "image":"./images/content/monument1london.jpg",
          "rating": 4.7
        },
        {
          "name": "Buckingham Palace",
          "image":"./images/content/monument2london.jpg",
          "rating": 4.5
        }
      ]
    },
    {
      "name": "Rio de Janeiro",
      "Restaurants": [
        {
          "name": "Porcão Rio's",
          "rating": 4.4,
          "image":"./images/content/restaurant1rio.jpg",
          "price_range": "$$"
        },
        {
          "name": "Aprazível",
          "rating": 4.2,
          "image":"./images/content/restaurant2rio.jpg",
          "price_range": "$$$"
        }
      ],
      "Hotels": [
        {
          "name": "Belmond Copacabana Palace",
          "rating": 4.7,
          "image":"./images/content/hotel1rio.jpg",
          "price_range": "$$$"
        },
        {
          "name": "Hilton Copacabana",
          "rating": 4.5,
          "image":"./images/content/hotel2rio.jpeg",
          "price_range": "$$$"
        }
      ],
      "Nightlife": [
        {
          "name": "Rio Scenarium",
          "rating": 4.3,
          "image":"./images/content/nightlife1rio.jpg",
          "price_range": "$$"
        },
        {
          "name": "Bar do Copa",
          "rating": 4.1,
          "image":"./images/content/nightlife2rio.jpeg",
          "price_range": "$$$"
        }
      ],
      "Monuments": [
        {
          "name": "Christ the Redeemer",
          "image":"./images/content/monument1rio.jpg",
          "rating": 4.8
        },
        {
          "name": "Sugarloaf Mountain",
          "image":"./images/content/monument2rio.jpg",
          "rating": 4.6
        }
      ]
    },
    {
      "name": "Amsterdam",
      "Restaurants": [
        {
          "name": "De Kas",
          "rating": 4.5,
          "image":"./images/content/restaurant1amsterdam.jpg",
          "price_range": "$$"
        },
        {
          "name": "The Seafood Bar",
          "rating": 4.3,
          "image":"./images/content/restaurant2amsterdam.jpg",
          "price_range": "$$$"
        }
      ],
      "Hotels": [
        {
          "name": "Waldorf Astoria Amsterdam",
          "rating": 4.7,
          "image":"./images/content/hotel1amsterdam.jpg",
          "price_range": "$$$"
        },
        {
          "name": "Pulitzer Amsterdam",
          "rating": 4.5,
          "image":"./images/content/hotel2amsterdam.jpg",
          "price_range": "$$$"
        }
      ],
      "Nightlife": [
        {
          "name": "Paradiso",
          "rating": 4.2,
          "image":"./images/content/nightlife1amsterdam.jpg",
          "price_range": "$$"
        },
        {
          "name": "Jimmy Woo",
          "rating": 4.0,
          "image":"./images/content/nightlife2amsterdam.jpg",
          "price_range": "$$$"
        }
      ],
      "Monuments": [
        {
          "name": "Anne Frank House",
          "image":"./images/content/monument1amsterdam.jpg",
          "rating": 4.8
        },
        {
          "name": "Rijksmuseum",
          "image":"./images/content/monument2amsterdam.jpg",
          "rating": 4.6
        }
      ]
    },
    {
      "name": "Tokyo",
      "Restaurants": [
        {
          "name": "Sukiyabashi Jiro",
          "rating": 4.6,
          "image":"./images/content/restaurant1tokyo.jpg",
          "price_range": "$$$"
        },
        {
          "name": "Ramen Kagari",
          "rating": 4.4,
          "image":"./images/content/restaurant2tokyo.jpg",
          "price_range": "$$"
        }
      ],
      "Hotels": [
        {
          "name": "Aman Tokyo",
          "rating": 4.8,
          "image":"./images/content/hotel1tokyo.jpeg",
          "price_range": "$$$"
        },
        {
          "name": "Park Hyatt Tokyo",
          "rating": 4.6,
          "image":"./images/content/hotel2tokyo.jpg",
          "price_range": "$$$"
        }
      ],
      "Nightlife": [
        {
          "name": "Robot Restaurant",
          "rating": 4.3,
          "image":"./images/content/nightlife1tokyo.jpg",
          "price_range": "$$$"
        },
        {
          "name": "Golden Gai",
          "rating": 4.1,
          "image":"./images/content/nightlife2tokyo.jpg",
          "price_range": "$$"
        }
      ],
      "Monuments": [
        {
          "name": "Tokyo Tower",
          "image":"./images/content/monument1tokyo.jpg",
          "rating": 4.7
        },
        {
          "name": "Meiji Shrine",
          "image":"./images/content/monument2tokyo.jpg",
          "rating": 4.5
        }
      ]
    },
    {
      "name": "Cape Town",
      "Restaurants": [
        {
          "name": "Test Kitchen",
          "rating": 4.5,
          "image":"./images/content/restaurant1capetown.jpeg",
          "price_range": "$$$"
        },
        {
          "name": "La Colombe",
          "rating": 4.3,
          "image":"./images/content/restaurant2capetown.jpeg",
          "price_range": "$$$"
        }
      ],
      "Hotels": [
        {
          "name": "One&Only Cape Town",
          "rating": 4.8,
          "image":"./images/content/hotel1capetown.jpg",
          "price_range": "$$$"
        },
        {
          "name": "Belmond Mount Nelson Hotel",
          "rating": 4.6,
          "image":"./images/content/hotel2capetown.jpg",
          "price_range": "$$$"
        }
      ],
      "Nightlife": [
        {
          "name": "Asoka",
          "rating": 4.2,
          "image":"./images/content/nightlife1capetown.jpg",
          "price_range": "$$"
        },
        {
          "name": "The Waiting Room",
          "rating": 4.0,
          "image":"./images/content/nightlife2capetown.jpg",
          "price_range": "$$$"
        }
      ],
      "Monuments": [
        {
          "name": "Table ++++Mountain",
          "image":"./images/content/monument1capetown.jpeg",
          "rating": 4.9
        },
        {
          "name": "Robben Island",
          "image":"./images/content/monument2capetown.jpeg",
          "rating": 4.7
        }
      ]
    },
    {
      "name": "Prague",
      "Restaurants": [
        {
          "name": "Lokál Dlouhááá",
          "rating": 4.4,
          "image":"./images/content/restaurant1prague.jpg",
          "price_range": "$$"
        },
        {
          "name": "La Degustation Bohême Bourgeoise",
          "rating": 4.2,
          "image":"./images/content/restaurant2prague.jpeg",
          "price_range": "$$$"
        }
      ],
      "Hotels": [
        {
          "name": "Alchymist Grand Hotel and Spa",
          "rating": 4.7,
          "image":"./images/content/hotel1prague.jpeg",
          "price_range": "$$$"
        },
        {
          "name": "Four Seasons Hotel Prague",
          "rating": 4.5,
          "image":"./images/content/hotel2prague.jpeg",
          "price_range": "$$$"
        }
      ],
      "Nightlife": [
        {
          "name": "Lucerna Music Bar",
          "rating": 4.1,
          "image":"./images/content/nightlife1prague.jpg",
          "price_range": "$$"
        },
        {
          "name": "Roxy",
          "rating": 3.9,
          "image":"./images/content/nightlife2prague.jpeg",
          "price_range": "$$$"
        }
      ],
      "Monuments": [
        {
          "name": "Prague Castle",
          "image":"./images/content/monument1prague.jpg",
          "rating": 4.8
        },
        {
          "name": "Charles Bridge",
          "image":"./images/content/monument2prague.jpg",
          "rating": 4.6
        }
      ]
    },
    {
      "name": "Havana",
      "Restaurants": [
        {          
          "name": "La Guarida",
        "rating": 4.3,
        "image":"./images/content/restaurant1havana.jpg",
        "price_range": "$$"
      },
      {
        "name": "Paladar Los Mercaderes",
        "rating": 4.1,
        "image":"./images/content/restaurant2havana.jpg",
        "price_range": "$$$"
      }
    ],
    "Hotels": [
      {
        "name": "Iberostar Parque Central",
        "rating": 4.6,
        "image":"./images/content/hotel1havana.jpeg",
        "price_range": "$$$"
      },
      {
        "name": "Hotel Nacional de Cuba",
        "rating": 4.4,
        "image":"./images/content/hotel2havana.jpg",
        "price_range": "$$$"
      }
    ],
    "Nightlife": [
      {
        "name": "La Bodeguita del Medio",
        "rating": 4.2,
        "image":"./images/content/nightlife1havana.jpg",
        "price_range": "$$"
      },
      {
        "name": "Fabrica de Arte Cubano",
        "rating": 4.0,
        "image":"./images/content/nightlife2havana.jpg",
        "price_range": "$$$"
      }
    ],
    "Monuments": [
      {
        "name": "El Capitolio",
        "image":"./images/content/monument1havana.jpg",
        "rating": 4.5
      },
      {
        "name": "Havana Cathedral",
        "image":"./images/content/monument2havana.jpg",
        "rating": 4.3
      }
    ]
  }
]
}

